run,time,repetition,Module,Name,
HTTP_Client_Increase_S04a-0-20200816-00:20:19-546,1000,0,FinalTask.AP.wlan[0].mac.dcf,packetDrop:count,77668
HTTP_Client_Increase_S04a-0-20200816-00:20:19-546,1000,0,FinalTask.AP.wlan[0].mac,packetDrop:count,80807
HTTP_Client_Increase_S04a-0-20200816-00:20:19-546,1000,0,FinalTask.FTPUploadStudent.wlan[0].mac.dcf,packetDrop:count,2550200
HTTP_Client_Increase_S04a-0-20200816-00:20:19-546,1000,0,FinalTask.FTPUploadStudent.wlan[0].mac,packetDrop:count,2553793
HTTP_Client_Increase_S04a-0-20200816-00:20:19-546,1000,0,FinalTask.Student.wlan[0].mac.dcf,packetDrop:count,5864268
HTTP_Client_Increase_S04a-0-20200816-00:20:19-546,1000,0,FinalTask.Student.wlan[0].mac,packetDrop:count,5871843
HTTP_Client_Increase_S04a-0-20200816-00:20:19-546,1000,0,FinalTask.Client[0].wlan[0].mac.dcf,packetDrop:count,5757951
HTTP_Client_Increase_S04a-0-20200816-00:20:19-546,1000,0,FinalTask.Client[0].wlan[0].mac,packetDrop:count,5765941
HTTP_Client_Increase_S04a-0-20200816-00:20:19-546,1000,0,FinalTask.Client[1].wlan[0].mac.dcf,packetDrop:count,5768123
HTTP_Client_Increase_S04a-0-20200816-00:20:19-546,1000,0,FinalTask.Client[1].wlan[0].mac,packetDrop:count,5776373
HTTP_Client_Increase_S04a-0-20200816-00:20:19-546,1000,0,FinalTask.Client[2].wlan[0].mac.dcf,packetDrop:count,5760734
HTTP_Client_Increase_S04a-0-20200816-00:20:19-546,1000,0,FinalTask.Client[2].wlan[0].mac,packetDrop:count,5769003
HTTP_Client_Increase_S04a-0-20200816-00:20:19-546,1000,0,FinalTask.Client[3].wlan[0].mac.dcf,packetDrop:count,5744685
HTTP_Client_Increase_S04a-0-20200816-00:20:19-546,1000,0,FinalTask.Client[3].wlan[0].mac,packetDrop:count,5752835
HTTP_Client_Increase_S04a-0-20200816-00:20:19-546,1000,0,FinalTask.Client[4].wlan[0].mac.dcf,packetDrop:count,5763135
HTTP_Client_Increase_S04a-0-20200816-00:20:19-546,1000,0,FinalTask.Client[4].wlan[0].mac,packetDrop:count,5769614
HTTP_Client_Increase_S04a-0-20200816-00:20:19-546,1000,0,FinalTask.Client[5].wlan[0].mac.dcf,packetDrop:count,5765952
HTTP_Client_Increase_S04a-0-20200816-00:20:19-546,1000,0,FinalTask.Client[5].wlan[0].mac,packetDrop:count,5774246
HTTP_Client_Increase_S04a-0-20200816-00:20:19-546,1000,0,FinalTask.Client[6].wlan[0].mac.dcf,packetDrop:count,5760541
HTTP_Client_Increase_S04a-0-20200816-00:20:19-546,1000,0,FinalTask.Client[6].wlan[0].mac,packetDrop:count,5768859
HTTP_Client_Increase_S04a-0-20200816-00:20:19-546,1000,0,FinalTask.Client[7].wlan[0].mac.dcf,packetDrop:count,5755850
HTTP_Client_Increase_S04a-0-20200816-00:20:19-546,1000,0,FinalTask.Client[7].wlan[0].mac,packetDrop:count,5764026
HTTP_Client_Increase_S04a-0-20200816-00:20:19-546,1000,0,FinalTask.Client[8].wlan[0].mac.dcf,packetDrop:count,5771711
HTTP_Client_Increase_S04a-0-20200816-00:20:19-546,1000,0,FinalTask.Client[8].wlan[0].mac,packetDrop:count,5779931
HTTP_Client_Increase_S04a-0-20200816-00:20:19-546,1000,0,FinalTask.Client[9].wlan[0].mac.dcf,packetDrop:count,5756981
HTTP_Client_Increase_S04a-0-20200816-00:20:19-546,1000,0,FinalTask.Client[9].wlan[0].mac,packetDrop:count,5764958
HTTP_Client_Increase_S04a-0-20200816-00:20:19-546,1000,0,FinalTask.Client[10].wlan[0].mac.dcf,packetDrop:count,5742085
HTTP_Client_Increase_S04a-0-20200816-00:20:19-546,1000,0,FinalTask.Client[10].wlan[0].mac,packetDrop:count,5750151
HTTP_Client_Increase_S04a-0-20200816-00:20:19-546,1000,0,FinalTask.Client[11].wlan[0].mac.dcf,packetDrop:count,5765158
HTTP_Client_Increase_S04a-0-20200816-00:20:19-546,1000,0,FinalTask.Client[11].wlan[0].mac,packetDrop:count,5773414
HTTP_Client_Increase_S04a-1-20200816-02:02:42-546,1000,1,FinalTask.AP.wlan[0].mac.dcf,packetDrop:count,77320
HTTP_Client_Increase_S04a-1-20200816-02:02:42-546,1000,1,FinalTask.AP.wlan[0].mac,packetDrop:count,80449
HTTP_Client_Increase_S04a-1-20200816-02:02:42-546,1000,1,FinalTask.FTPUploadStudent.wlan[0].mac.dcf,packetDrop:count,2566329
HTTP_Client_Increase_S04a-1-20200816-02:02:42-546,1000,1,FinalTask.FTPUploadStudent.wlan[0].mac,packetDrop:count,2569904
HTTP_Client_Increase_S04a-1-20200816-02:02:42-546,1000,1,FinalTask.Student.wlan[0].mac.dcf,packetDrop:count,5882898
HTTP_Client_Increase_S04a-1-20200816-02:02:42-546,1000,1,FinalTask.Student.wlan[0].mac,packetDrop:count,5890464
HTTP_Client_Increase_S04a-1-20200816-02:02:42-546,1000,1,FinalTask.Client[0].wlan[0].mac.dcf,packetDrop:count,5778900
HTTP_Client_Increase_S04a-1-20200816-02:02:42-546,1000,1,FinalTask.Client[0].wlan[0].mac,packetDrop:count,5787010
HTTP_Client_Increase_S04a-1-20200816-02:02:42-546,1000,1,FinalTask.Client[1].wlan[0].mac.dcf,packetDrop:count,5786729
HTTP_Client_Increase_S04a-1-20200816-02:02:42-546,1000,1,FinalTask.Client[1].wlan[0].mac,packetDrop:count,5794881
HTTP_Client_Increase_S04a-1-20200816-02:02:42-546,1000,1,FinalTask.Client[2].wlan[0].mac.dcf,packetDrop:count,5780180
HTTP_Client_Increase_S04a-1-20200816-02:02:42-546,1000,1,FinalTask.Client[2].wlan[0].mac,packetDrop:count,5788355
HTTP_Client_Increase_S04a-1-20200816-02:02:42-546,1000,1,FinalTask.Client[3].wlan[0].mac.dcf,packetDrop:count,5769205
HTTP_Client_Increase_S04a-1-20200816-02:02:42-546,1000,1,FinalTask.Client[3].wlan[0].mac,packetDrop:count,5777344
HTTP_Client_Increase_S04a-1-20200816-02:02:42-546,1000,1,FinalTask.Client[4].wlan[0].mac.dcf,packetDrop:count,5781371
HTTP_Client_Increase_S04a-1-20200816-02:02:42-546,1000,1,FinalTask.Client[4].wlan[0].mac,packetDrop:count,5789221
HTTP_Client_Increase_S04a-1-20200816-02:02:42-546,1000,1,FinalTask.Client[5].wlan[0].mac.dcf,packetDrop:count,5767199
HTTP_Client_Increase_S04a-1-20200816-02:02:42-546,1000,1,FinalTask.Client[5].wlan[0].mac,packetDrop:count,5775330
HTTP_Client_Increase_S04a-1-20200816-02:02:42-546,1000,1,FinalTask.Client[6].wlan[0].mac.dcf,packetDrop:count,5782487
HTTP_Client_Increase_S04a-1-20200816-02:02:42-546,1000,1,FinalTask.Client[6].wlan[0].mac,packetDrop:count,5790654
HTTP_Client_Increase_S04a-1-20200816-02:02:42-546,1000,1,FinalTask.Client[7].wlan[0].mac.dcf,packetDrop:count,5782325
HTTP_Client_Increase_S04a-1-20200816-02:02:42-546,1000,1,FinalTask.Client[7].wlan[0].mac,packetDrop:count,5790506
HTTP_Client_Increase_S04a-1-20200816-02:02:42-546,1000,1,FinalTask.Client[8].wlan[0].mac.dcf,packetDrop:count,5780583
HTTP_Client_Increase_S04a-1-20200816-02:02:42-546,1000,1,FinalTask.Client[8].wlan[0].mac,packetDrop:count,5788757
HTTP_Client_Increase_S04a-1-20200816-02:02:42-546,1000,1,FinalTask.Client[9].wlan[0].mac.dcf,packetDrop:count,5787415
HTTP_Client_Increase_S04a-1-20200816-02:02:42-546,1000,1,FinalTask.Client[9].wlan[0].mac,packetDrop:count,5795654
HTTP_Client_Increase_S04a-1-20200816-02:02:42-546,1000,1,FinalTask.Client[10].wlan[0].mac.dcf,packetDrop:count,5764035
HTTP_Client_Increase_S04a-1-20200816-02:02:42-546,1000,1,FinalTask.Client[10].wlan[0].mac,packetDrop:count,5771728
HTTP_Client_Increase_S04a-1-20200816-02:02:42-546,1000,1,FinalTask.Client[11].wlan[0].mac.dcf,packetDrop:count,5759900
HTTP_Client_Increase_S04a-1-20200816-02:02:42-546,1000,1,FinalTask.Client[11].wlan[0].mac,packetDrop:count,5768012
HTTP_Client_Increase_S04a-2-20200816-03:33:12-546,1000,2,FinalTask.AP.wlan[0].mac.dcf,packetDrop:count,77928
HTTP_Client_Increase_S04a-2-20200816-03:33:12-546,1000,2,FinalTask.AP.wlan[0].mac,packetDrop:count,80984
HTTP_Client_Increase_S04a-2-20200816-03:33:12-546,1000,2,FinalTask.FTPUploadStudent.wlan[0].mac.dcf,packetDrop:count,2519219
HTTP_Client_Increase_S04a-2-20200816-03:33:12-546,1000,2,FinalTask.FTPUploadStudent.wlan[0].mac,packetDrop:count,2522817
HTTP_Client_Increase_S04a-2-20200816-03:33:12-546,1000,2,FinalTask.Student.wlan[0].mac.dcf,packetDrop:count,5843892
HTTP_Client_Increase_S04a-2-20200816-03:33:12-546,1000,2,FinalTask.Student.wlan[0].mac,packetDrop:count,5851461
HTTP_Client_Increase_S04a-2-20200816-03:33:12-546,1000,2,FinalTask.Client[0].wlan[0].mac.dcf,packetDrop:count,5741926
HTTP_Client_Increase_S04a-2-20200816-03:33:12-546,1000,2,FinalTask.Client[0].wlan[0].mac,packetDrop:count,5749758
HTTP_Client_Increase_S04a-2-20200816-03:33:12-546,1000,2,FinalTask.Client[1].wlan[0].mac.dcf,packetDrop:count,5745691
HTTP_Client_Increase_S04a-2-20200816-03:33:12-546,1000,2,FinalTask.Client[1].wlan[0].mac,packetDrop:count,5753867
HTTP_Client_Increase_S04a-2-20200816-03:33:12-546,1000,2,FinalTask.Client[2].wlan[0].mac.dcf,packetDrop:count,5746904
HTTP_Client_Increase_S04a-2-20200816-03:33:12-546,1000,2,FinalTask.Client[2].wlan[0].mac,packetDrop:count,5755117
HTTP_Client_Increase_S04a-2-20200816-03:33:12-546,1000,2,FinalTask.Client[3].wlan[0].mac.dcf,packetDrop:count,5730469
HTTP_Client_Increase_S04a-2-20200816-03:33:12-546,1000,2,FinalTask.Client[3].wlan[0].mac,packetDrop:count,5738674
HTTP_Client_Increase_S04a-2-20200816-03:33:12-546,1000,2,FinalTask.Client[4].wlan[0].mac.dcf,packetDrop:count,5745831
HTTP_Client_Increase_S04a-2-20200816-03:33:12-546,1000,2,FinalTask.Client[4].wlan[0].mac,packetDrop:count,5753425
HTTP_Client_Increase_S04a-2-20200816-03:33:12-546,1000,2,FinalTask.Client[5].wlan[0].mac.dcf,packetDrop:count,5741476
HTTP_Client_Increase_S04a-2-20200816-03:33:12-546,1000,2,FinalTask.Client[5].wlan[0].mac,packetDrop:count,5747978
HTTP_Client_Increase_S04a-2-20200816-03:33:12-546,1000,2,FinalTask.Client[6].wlan[0].mac.dcf,packetDrop:count,5741228
HTTP_Client_Increase_S04a-2-20200816-03:33:12-546,1000,2,FinalTask.Client[6].wlan[0].mac,packetDrop:count,5749426
HTTP_Client_Increase_S04a-2-20200816-03:33:12-546,1000,2,FinalTask.Client[7].wlan[0].mac.dcf,packetDrop:count,5744545
HTTP_Client_Increase_S04a-2-20200816-03:33:12-546,1000,2,FinalTask.Client[7].wlan[0].mac,packetDrop:count,5750994
HTTP_Client_Increase_S04a-2-20200816-03:33:12-546,1000,2,FinalTask.Client[8].wlan[0].mac.dcf,packetDrop:count,5740633
HTTP_Client_Increase_S04a-2-20200816-03:33:12-546,1000,2,FinalTask.Client[8].wlan[0].mac,packetDrop:count,5748794
HTTP_Client_Increase_S04a-2-20200816-03:33:12-546,1000,2,FinalTask.Client[9].wlan[0].mac.dcf,packetDrop:count,5748805
HTTP_Client_Increase_S04a-2-20200816-03:33:12-546,1000,2,FinalTask.Client[9].wlan[0].mac,packetDrop:count,5756759
HTTP_Client_Increase_S04a-2-20200816-03:33:12-546,1000,2,FinalTask.Client[10].wlan[0].mac.dcf,packetDrop:count,5736014
HTTP_Client_Increase_S04a-2-20200816-03:33:12-546,1000,2,FinalTask.Client[10].wlan[0].mac,packetDrop:count,5744052
HTTP_Client_Increase_S04a-2-20200816-03:33:12-546,1000,2,FinalTask.Client[11].wlan[0].mac.dcf,packetDrop:count,5737729
HTTP_Client_Increase_S04a-2-20200816-03:33:12-546,1000,2,FinalTask.Client[11].wlan[0].mac,packetDrop:count,5745908
HTTP_Client_Increase_S04a-3-20200816-00:20:19-547,1000,3,FinalTask.AP.wlan[0].mac.dcf,packetDrop:count,81318
HTTP_Client_Increase_S04a-3-20200816-00:20:19-547,1000,3,FinalTask.AP.wlan[0].mac,packetDrop:count,84459
HTTP_Client_Increase_S04a-3-20200816-00:20:19-547,1000,3,FinalTask.FTPUploadStudent.wlan[0].mac.dcf,packetDrop:count,2571332
HTTP_Client_Increase_S04a-3-20200816-00:20:19-547,1000,3,FinalTask.FTPUploadStudent.wlan[0].mac,packetDrop:count,2574974
HTTP_Client_Increase_S04a-3-20200816-00:20:19-547,1000,3,FinalTask.Student.wlan[0].mac.dcf,packetDrop:count,5876478
HTTP_Client_Increase_S04a-3-20200816-00:20:19-547,1000,3,FinalTask.Student.wlan[0].mac,packetDrop:count,5884183
HTTP_Client_Increase_S04a-3-20200816-00:20:19-547,1000,3,FinalTask.Client[0].wlan[0].mac.dcf,packetDrop:count,5772381
HTTP_Client_Increase_S04a-3-20200816-00:20:19-547,1000,3,FinalTask.Client[0].wlan[0].mac,packetDrop:count,5778980
HTTP_Client_Increase_S04a-3-20200816-00:20:19-547,1000,3,FinalTask.Client[1].wlan[0].mac.dcf,packetDrop:count,5762111
HTTP_Client_Increase_S04a-3-20200816-00:20:19-547,1000,3,FinalTask.Client[1].wlan[0].mac,packetDrop:count,5770419
HTTP_Client_Increase_S04a-3-20200816-00:20:19-547,1000,3,FinalTask.Client[2].wlan[0].mac.dcf,packetDrop:count,5758927
HTTP_Client_Increase_S04a-3-20200816-00:20:19-547,1000,3,FinalTask.Client[2].wlan[0].mac,packetDrop:count,5767201
HTTP_Client_Increase_S04a-3-20200816-00:20:19-547,1000,3,FinalTask.Client[3].wlan[0].mac.dcf,packetDrop:count,5783297
HTTP_Client_Increase_S04a-3-20200816-00:20:19-547,1000,3,FinalTask.Client[3].wlan[0].mac,packetDrop:count,5791604
HTTP_Client_Increase_S04a-3-20200816-00:20:19-547,1000,3,FinalTask.Client[4].wlan[0].mac.dcf,packetDrop:count,5776321
HTTP_Client_Increase_S04a-3-20200816-00:20:19-547,1000,3,FinalTask.Client[4].wlan[0].mac,packetDrop:count,5784612
HTTP_Client_Increase_S04a-3-20200816-00:20:19-547,1000,3,FinalTask.Client[5].wlan[0].mac.dcf,packetDrop:count,5766715
HTTP_Client_Increase_S04a-3-20200816-00:20:19-547,1000,3,FinalTask.Client[5].wlan[0].mac,packetDrop:count,5775048
HTTP_Client_Increase_S04a-3-20200816-00:20:19-547,1000,3,FinalTask.Client[6].wlan[0].mac.dcf,packetDrop:count,5772703
HTTP_Client_Increase_S04a-3-20200816-00:20:19-547,1000,3,FinalTask.Client[6].wlan[0].mac,packetDrop:count,5780985
HTTP_Client_Increase_S04a-3-20200816-00:20:19-547,1000,3,FinalTask.Client[7].wlan[0].mac.dcf,packetDrop:count,5762981
HTTP_Client_Increase_S04a-3-20200816-00:20:19-547,1000,3,FinalTask.Client[7].wlan[0].mac,packetDrop:count,5771290
HTTP_Client_Increase_S04a-3-20200816-00:20:19-547,1000,3,FinalTask.Client[8].wlan[0].mac.dcf,packetDrop:count,5763029
HTTP_Client_Increase_S04a-3-20200816-00:20:19-547,1000,3,FinalTask.Client[8].wlan[0].mac,packetDrop:count,5771306
HTTP_Client_Increase_S04a-3-20200816-00:20:19-547,1000,3,FinalTask.Client[9].wlan[0].mac.dcf,packetDrop:count,5777987
HTTP_Client_Increase_S04a-3-20200816-00:20:19-547,1000,3,FinalTask.Client[9].wlan[0].mac,packetDrop:count,5786344
HTTP_Client_Increase_S04a-3-20200816-00:20:19-547,1000,3,FinalTask.Client[10].wlan[0].mac.dcf,packetDrop:count,5776138
HTTP_Client_Increase_S04a-3-20200816-00:20:19-547,1000,3,FinalTask.Client[10].wlan[0].mac,packetDrop:count,5784429
HTTP_Client_Increase_S04a-3-20200816-00:20:19-547,1000,3,FinalTask.Client[11].wlan[0].mac.dcf,packetDrop:count,5764864
HTTP_Client_Increase_S04a-3-20200816-00:20:19-547,1000,3,FinalTask.Client[11].wlan[0].mac,packetDrop:count,5773190
HTTP_Client_Increase_S04a-4-20200816-02:01:09-547,1000,4,FinalTask.AP.wlan[0].mac.dcf,packetDrop:count,80147
HTTP_Client_Increase_S04a-4-20200816-02:01:09-547,1000,4,FinalTask.AP.wlan[0].mac,packetDrop:count,83143
HTTP_Client_Increase_S04a-4-20200816-02:01:09-547,1000,4,FinalTask.FTPUploadStudent.wlan[0].mac.dcf,packetDrop:count,2577209
HTTP_Client_Increase_S04a-4-20200816-02:01:09-547,1000,4,FinalTask.FTPUploadStudent.wlan[0].mac,packetDrop:count,2580310
HTTP_Client_Increase_S04a-4-20200816-02:01:09-547,1000,4,FinalTask.Student.wlan[0].mac.dcf,packetDrop:count,5804558
HTTP_Client_Increase_S04a-4-20200816-02:01:09-547,1000,4,FinalTask.Student.wlan[0].mac,packetDrop:count,5811791
HTTP_Client_Increase_S04a-4-20200816-02:01:09-547,1000,4,FinalTask.Client[0].wlan[0].mac.dcf,packetDrop:count,5697378
HTTP_Client_Increase_S04a-4-20200816-02:01:09-547,1000,4,FinalTask.Client[0].wlan[0].mac,packetDrop:count,5705398
HTTP_Client_Increase_S04a-4-20200816-02:01:09-547,1000,4,FinalTask.Client[1].wlan[0].mac.dcf,packetDrop:count,5703245
HTTP_Client_Increase_S04a-4-20200816-02:01:09-547,1000,4,FinalTask.Client[1].wlan[0].mac,packetDrop:count,5711102
HTTP_Client_Increase_S04a-4-20200816-02:01:09-547,1000,4,FinalTask.Client[2].wlan[0].mac.dcf,packetDrop:count,5693161
HTTP_Client_Increase_S04a-4-20200816-02:01:09-547,1000,4,FinalTask.Client[2].wlan[0].mac,packetDrop:count,5701116
HTTP_Client_Increase_S04a-4-20200816-02:01:09-547,1000,4,FinalTask.Client[3].wlan[0].mac.dcf,packetDrop:count,5702224
HTTP_Client_Increase_S04a-4-20200816-02:01:09-547,1000,4,FinalTask.Client[3].wlan[0].mac,packetDrop:count,5710172
HTTP_Client_Increase_S04a-4-20200816-02:01:09-547,1000,4,FinalTask.Client[4].wlan[0].mac.dcf,packetDrop:count,5695112
HTTP_Client_Increase_S04a-4-20200816-02:01:09-547,1000,4,FinalTask.Client[4].wlan[0].mac,packetDrop:count,5702542
HTTP_Client_Increase_S04a-4-20200816-02:01:09-547,1000,4,FinalTask.Client[5].wlan[0].mac.dcf,packetDrop:count,5695408
HTTP_Client_Increase_S04a-4-20200816-02:01:09-547,1000,4,FinalTask.Client[5].wlan[0].mac,packetDrop:count,5701419
HTTP_Client_Increase_S04a-4-20200816-02:01:09-547,1000,4,FinalTask.Client[6].wlan[0].mac.dcf,packetDrop:count,5711721
HTTP_Client_Increase_S04a-4-20200816-02:01:09-547,1000,4,FinalTask.Client[6].wlan[0].mac,packetDrop:count,5719777
HTTP_Client_Increase_S04a-4-20200816-02:01:09-547,1000,4,FinalTask.Client[7].wlan[0].mac.dcf,packetDrop:count,5696294
HTTP_Client_Increase_S04a-4-20200816-02:01:09-547,1000,4,FinalTask.Client[7].wlan[0].mac,packetDrop:count,5704276
HTTP_Client_Increase_S04a-4-20200816-02:01:09-547,1000,4,FinalTask.Client[8].wlan[0].mac.dcf,packetDrop:count,5711125
HTTP_Client_Increase_S04a-4-20200816-02:01:09-547,1000,4,FinalTask.Client[8].wlan[0].mac,packetDrop:count,5716352
HTTP_Client_Increase_S04a-4-20200816-02:01:09-547,1000,4,FinalTask.Client[9].wlan[0].mac.dcf,packetDrop:count,5691994
HTTP_Client_Increase_S04a-4-20200816-02:01:09-547,1000,4,FinalTask.Client[9].wlan[0].mac,packetDrop:count,5699942
HTTP_Client_Increase_S04a-4-20200816-02:01:09-547,1000,4,FinalTask.Client[10].wlan[0].mac.dcf,packetDrop:count,5683952
HTTP_Client_Increase_S04a-4-20200816-02:01:09-547,1000,4,FinalTask.Client[10].wlan[0].mac,packetDrop:count,5691927
HTTP_Client_Increase_S04a-4-20200816-02:01:09-547,1000,4,FinalTask.Client[11].wlan[0].mac.dcf,packetDrop:count,5688144
HTTP_Client_Increase_S04a-4-20200816-02:01:09-547,1000,4,FinalTask.Client[11].wlan[0].mac,packetDrop:count,5696128
HTTP_Client_Increase_S04a-5-20200816-03:29:59-547,1000,5,FinalTask.AP.wlan[0].mac.dcf,packetDrop:count,77032
HTTP_Client_Increase_S04a-5-20200816-03:29:59-547,1000,5,FinalTask.AP.wlan[0].mac,packetDrop:count,79896
HTTP_Client_Increase_S04a-5-20200816-03:29:59-547,1000,5,FinalTask.FTPUploadStudent.wlan[0].mac.dcf,packetDrop:count,2531363
HTTP_Client_Increase_S04a-5-20200816-03:29:59-547,1000,5,FinalTask.FTPUploadStudent.wlan[0].mac,packetDrop:count,2535003
HTTP_Client_Increase_S04a-5-20200816-03:29:59-547,1000,5,FinalTask.Student.wlan[0].mac.dcf,packetDrop:count,5864853
HTTP_Client_Increase_S04a-5-20200816-03:29:59-547,1000,5,FinalTask.Student.wlan[0].mac,packetDrop:count,5872589
HTTP_Client_Increase_S04a-5-20200816-03:29:59-547,1000,5,FinalTask.Client[0].wlan[0].mac.dcf,packetDrop:count,5748557
HTTP_Client_Increase_S04a-5-20200816-03:29:59-547,1000,5,FinalTask.Client[0].wlan[0].mac,packetDrop:count,5756930
HTTP_Client_Increase_S04a-5-20200816-03:29:59-547,1000,5,FinalTask.Client[1].wlan[0].mac.dcf,packetDrop:count,5765821
HTTP_Client_Increase_S04a-5-20200816-03:29:59-547,1000,5,FinalTask.Client[1].wlan[0].mac,packetDrop:count,5774084
HTTP_Client_Increase_S04a-5-20200816-03:29:59-547,1000,5,FinalTask.Client[2].wlan[0].mac.dcf,packetDrop:count,5760586
HTTP_Client_Increase_S04a-5-20200816-03:29:59-547,1000,5,FinalTask.Client[2].wlan[0].mac,packetDrop:count,5764108
HTTP_Client_Increase_S04a-5-20200816-03:29:59-547,1000,5,FinalTask.Client[3].wlan[0].mac.dcf,packetDrop:count,5770615
HTTP_Client_Increase_S04a-5-20200816-03:29:59-547,1000,5,FinalTask.Client[3].wlan[0].mac,packetDrop:count,5778982
HTTP_Client_Increase_S04a-5-20200816-03:29:59-547,1000,5,FinalTask.Client[4].wlan[0].mac.dcf,packetDrop:count,5756340
HTTP_Client_Increase_S04a-5-20200816-03:29:59-547,1000,5,FinalTask.Client[4].wlan[0].mac,packetDrop:count,5764719
HTTP_Client_Increase_S04a-5-20200816-03:29:59-547,1000,5,FinalTask.Client[5].wlan[0].mac.dcf,packetDrop:count,5762032
HTTP_Client_Increase_S04a-5-20200816-03:29:59-547,1000,5,FinalTask.Client[5].wlan[0].mac,packetDrop:count,5770056
HTTP_Client_Increase_S04a-5-20200816-03:29:59-547,1000,5,FinalTask.Client[6].wlan[0].mac.dcf,packetDrop:count,5761977
HTTP_Client_Increase_S04a-5-20200816-03:29:59-547,1000,5,FinalTask.Client[6].wlan[0].mac,packetDrop:count,5770329
HTTP_Client_Increase_S04a-5-20200816-03:29:59-547,1000,5,FinalTask.Client[7].wlan[0].mac.dcf,packetDrop:count,5761113
HTTP_Client_Increase_S04a-5-20200816-03:29:59-547,1000,5,FinalTask.Client[7].wlan[0].mac,packetDrop:count,5769433
HTTP_Client_Increase_S04a-5-20200816-03:29:59-547,1000,5,FinalTask.Client[8].wlan[0].mac.dcf,packetDrop:count,5760746
HTTP_Client_Increase_S04a-5-20200816-03:29:59-547,1000,5,FinalTask.Client[8].wlan[0].mac,packetDrop:count,5768871
HTTP_Client_Increase_S04a-5-20200816-03:29:59-547,1000,5,FinalTask.Client[9].wlan[0].mac.dcf,packetDrop:count,5767322
HTTP_Client_Increase_S04a-5-20200816-03:29:59-547,1000,5,FinalTask.Client[9].wlan[0].mac,packetDrop:count,5775242
HTTP_Client_Increase_S04a-5-20200816-03:29:59-547,1000,5,FinalTask.Client[10].wlan[0].mac.dcf,packetDrop:count,5762646
HTTP_Client_Increase_S04a-5-20200816-03:29:59-547,1000,5,FinalTask.Client[10].wlan[0].mac,packetDrop:count,5771015
HTTP_Client_Increase_S04a-5-20200816-03:29:59-547,1000,5,FinalTask.Client[11].wlan[0].mac.dcf,packetDrop:count,5764410
HTTP_Client_Increase_S04a-5-20200816-03:29:59-547,1000,5,FinalTask.Client[11].wlan[0].mac,packetDrop:count,5772527
HTTP_Client_Increase_S04a-6-20200816-00:20:19-548,1000,6,FinalTask.AP.wlan[0].mac.dcf,packetDrop:count,81903
HTTP_Client_Increase_S04a-6-20200816-00:20:19-548,1000,6,FinalTask.AP.wlan[0].mac,packetDrop:count,84990
HTTP_Client_Increase_S04a-6-20200816-00:20:19-548,1000,6,FinalTask.FTPUploadStudent.wlan[0].mac.dcf,packetDrop:count,2525008
HTTP_Client_Increase_S04a-6-20200816-00:20:19-548,1000,6,FinalTask.FTPUploadStudent.wlan[0].mac,packetDrop:count,2528540
HTTP_Client_Increase_S04a-6-20200816-00:20:19-548,1000,6,FinalTask.Student.wlan[0].mac.dcf,packetDrop:count,5875533
HTTP_Client_Increase_S04a-6-20200816-00:20:19-548,1000,6,FinalTask.Student.wlan[0].mac,packetDrop:count,5883029
HTTP_Client_Increase_S04a-6-20200816-00:20:19-548,1000,6,FinalTask.Client[0].wlan[0].mac.dcf,packetDrop:count,5782315
HTTP_Client_Increase_S04a-6-20200816-00:20:19-548,1000,6,FinalTask.Client[0].wlan[0].mac,packetDrop:count,5790436
HTTP_Client_Increase_S04a-6-20200816-00:20:19-548,1000,6,FinalTask.Client[1].wlan[0].mac.dcf,packetDrop:count,5780640
HTTP_Client_Increase_S04a-6-20200816-00:20:19-548,1000,6,FinalTask.Client[1].wlan[0].mac,packetDrop:count,5788550
HTTP_Client_Increase_S04a-6-20200816-00:20:19-548,1000,6,FinalTask.Client[2].wlan[0].mac.dcf,packetDrop:count,5763354
HTTP_Client_Increase_S04a-6-20200816-00:20:19-548,1000,6,FinalTask.Client[2].wlan[0].mac,packetDrop:count,5771145
HTTP_Client_Increase_S04a-6-20200816-00:20:19-548,1000,6,FinalTask.Client[3].wlan[0].mac.dcf,packetDrop:count,5774361
HTTP_Client_Increase_S04a-6-20200816-00:20:19-548,1000,6,FinalTask.Client[3].wlan[0].mac,packetDrop:count,5782426
HTTP_Client_Increase_S04a-6-20200816-00:20:19-548,1000,6,FinalTask.Client[4].wlan[0].mac.dcf,packetDrop:count,5787271
HTTP_Client_Increase_S04a-6-20200816-00:20:19-548,1000,6,FinalTask.Client[4].wlan[0].mac,packetDrop:count,5795294
HTTP_Client_Increase_S04a-6-20200816-00:20:19-548,1000,6,FinalTask.Client[5].wlan[0].mac.dcf,packetDrop:count,5773326
HTTP_Client_Increase_S04a-6-20200816-00:20:19-548,1000,6,FinalTask.Client[5].wlan[0].mac,packetDrop:count,5781165
HTTP_Client_Increase_S04a-6-20200816-00:20:19-548,1000,6,FinalTask.Client[6].wlan[0].mac.dcf,packetDrop:count,5770850
HTTP_Client_Increase_S04a-6-20200816-00:20:19-548,1000,6,FinalTask.Client[6].wlan[0].mac,packetDrop:count,5778939
HTTP_Client_Increase_S04a-6-20200816-00:20:19-548,1000,6,FinalTask.Client[7].wlan[0].mac.dcf,packetDrop:count,5756294
HTTP_Client_Increase_S04a-6-20200816-00:20:19-548,1000,6,FinalTask.Client[7].wlan[0].mac,packetDrop:count,5764061
HTTP_Client_Increase_S04a-6-20200816-00:20:19-548,1000,6,FinalTask.Client[8].wlan[0].mac.dcf,packetDrop:count,5771233
HTTP_Client_Increase_S04a-6-20200816-00:20:19-548,1000,6,FinalTask.Client[8].wlan[0].mac,packetDrop:count,5779286
HTTP_Client_Increase_S04a-6-20200816-00:20:19-548,1000,6,FinalTask.Client[9].wlan[0].mac.dcf,packetDrop:count,5774932
HTTP_Client_Increase_S04a-6-20200816-00:20:19-548,1000,6,FinalTask.Client[9].wlan[0].mac,packetDrop:count,5782970
HTTP_Client_Increase_S04a-6-20200816-00:20:19-548,1000,6,FinalTask.Client[10].wlan[0].mac.dcf,packetDrop:count,5768575
HTTP_Client_Increase_S04a-6-20200816-00:20:19-548,1000,6,FinalTask.Client[10].wlan[0].mac,packetDrop:count,5776671
HTTP_Client_Increase_S04a-6-20200816-00:20:19-548,1000,6,FinalTask.Client[11].wlan[0].mac.dcf,packetDrop:count,5768209
HTTP_Client_Increase_S04a-6-20200816-00:20:19-548,1000,6,FinalTask.Client[11].wlan[0].mac,packetDrop:count,5776142
HTTP_Client_Increase_S04a-7-20200816-02:03:37-548,1000,7,FinalTask.AP.wlan[0].mac.dcf,packetDrop:count,80585
HTTP_Client_Increase_S04a-7-20200816-02:03:37-548,1000,7,FinalTask.AP.wlan[0].mac,packetDrop:count,83399
HTTP_Client_Increase_S04a-7-20200816-02:03:37-548,1000,7,FinalTask.FTPUploadStudent.wlan[0].mac.dcf,packetDrop:count,2511570
HTTP_Client_Increase_S04a-7-20200816-02:03:37-548,1000,7,FinalTask.FTPUploadStudent.wlan[0].mac,packetDrop:count,2514728
HTTP_Client_Increase_S04a-7-20200816-02:03:37-548,1000,7,FinalTask.Student.wlan[0].mac.dcf,packetDrop:count,5813843
HTTP_Client_Increase_S04a-7-20200816-02:03:37-548,1000,7,FinalTask.Student.wlan[0].mac,packetDrop:count,5821387
HTTP_Client_Increase_S04a-7-20200816-02:03:37-548,1000,7,FinalTask.Client[0].wlan[0].mac.dcf,packetDrop:count,5702857
HTTP_Client_Increase_S04a-7-20200816-02:03:37-548,1000,7,FinalTask.Client[0].wlan[0].mac,packetDrop:count,5710931
HTTP_Client_Increase_S04a-7-20200816-02:03:37-548,1000,7,FinalTask.Client[1].wlan[0].mac.dcf,packetDrop:count,5708124
HTTP_Client_Increase_S04a-7-20200816-02:03:37-548,1000,7,FinalTask.Client[1].wlan[0].mac,packetDrop:count,5715985
HTTP_Client_Increase_S04a-7-20200816-02:03:37-548,1000,7,FinalTask.Client[2].wlan[0].mac.dcf,packetDrop:count,5716131
HTTP_Client_Increase_S04a-7-20200816-02:03:37-548,1000,7,FinalTask.Client[2].wlan[0].mac,packetDrop:count,5721555
HTTP_Client_Increase_S04a-7-20200816-02:03:37-548,1000,7,FinalTask.Client[3].wlan[0].mac.dcf,packetDrop:count,5721796
HTTP_Client_Increase_S04a-7-20200816-02:03:37-548,1000,7,FinalTask.Client[3].wlan[0].mac,packetDrop:count,5724914
HTTP_Client_Increase_S04a-7-20200816-02:03:37-548,1000,7,FinalTask.Client[4].wlan[0].mac.dcf,packetDrop:count,5717813
HTTP_Client_Increase_S04a-7-20200816-02:03:37-548,1000,7,FinalTask.Client[4].wlan[0].mac,packetDrop:count,5725910
HTTP_Client_Increase_S04a-7-20200816-02:03:37-548,1000,7,FinalTask.Client[5].wlan[0].mac.dcf,packetDrop:count,5714002
HTTP_Client_Increase_S04a-7-20200816-02:03:37-548,1000,7,FinalTask.Client[5].wlan[0].mac,packetDrop:count,5721260
HTTP_Client_Increase_S04a-7-20200816-02:03:37-548,1000,7,FinalTask.Client[6].wlan[0].mac.dcf,packetDrop:count,5717628
HTTP_Client_Increase_S04a-7-20200816-02:03:37-548,1000,7,FinalTask.Client[6].wlan[0].mac,packetDrop:count,5725531
HTTP_Client_Increase_S04a-7-20200816-02:03:37-548,1000,7,FinalTask.Client[7].wlan[0].mac.dcf,packetDrop:count,5696246
HTTP_Client_Increase_S04a-7-20200816-02:03:37-548,1000,7,FinalTask.Client[7].wlan[0].mac,packetDrop:count,5704122
HTTP_Client_Increase_S04a-7-20200816-02:03:37-548,1000,7,FinalTask.Client[8].wlan[0].mac.dcf,packetDrop:count,5711176
HTTP_Client_Increase_S04a-7-20200816-02:03:37-548,1000,7,FinalTask.Client[8].wlan[0].mac,packetDrop:count,5719092
HTTP_Client_Increase_S04a-7-20200816-02:03:37-548,1000,7,FinalTask.Client[9].wlan[0].mac.dcf,packetDrop:count,5720353
HTTP_Client_Increase_S04a-7-20200816-02:03:37-548,1000,7,FinalTask.Client[9].wlan[0].mac,packetDrop:count,5728258
HTTP_Client_Increase_S04a-7-20200816-02:03:37-548,1000,7,FinalTask.Client[10].wlan[0].mac.dcf,packetDrop:count,5726900
HTTP_Client_Increase_S04a-7-20200816-02:03:37-548,1000,7,FinalTask.Client[10].wlan[0].mac,packetDrop:count,5734784
HTTP_Client_Increase_S04a-7-20200816-02:03:37-548,1000,7,FinalTask.Client[11].wlan[0].mac.dcf,packetDrop:count,5700916
HTTP_Client_Increase_S04a-7-20200816-02:03:37-548,1000,7,FinalTask.Client[11].wlan[0].mac,packetDrop:count,5708746
HTTP_Client_Increase_S04a-8-20200816-03:33:51-548,1000,8,FinalTask.AP.wlan[0].mac.dcf,packetDrop:count,80713
HTTP_Client_Increase_S04a-8-20200816-03:33:51-548,1000,8,FinalTask.AP.wlan[0].mac,packetDrop:count,83751
HTTP_Client_Increase_S04a-8-20200816-03:33:51-548,1000,8,FinalTask.FTPUploadStudent.wlan[0].mac.dcf,packetDrop:count,2549329
HTTP_Client_Increase_S04a-8-20200816-03:33:51-548,1000,8,FinalTask.FTPUploadStudent.wlan[0].mac,packetDrop:count,2552898
HTTP_Client_Increase_S04a-8-20200816-03:33:51-548,1000,8,FinalTask.Student.wlan[0].mac.dcf,packetDrop:count,5820112
HTTP_Client_Increase_S04a-8-20200816-03:33:51-548,1000,8,FinalTask.Student.wlan[0].mac,packetDrop:count,5827402
HTTP_Client_Increase_S04a-8-20200816-03:33:51-548,1000,8,FinalTask.Client[0].wlan[0].mac.dcf,packetDrop:count,5717709
HTTP_Client_Increase_S04a-8-20200816-03:33:51-548,1000,8,FinalTask.Client[0].wlan[0].mac,packetDrop:count,5725503
HTTP_Client_Increase_S04a-8-20200816-03:33:51-548,1000,8,FinalTask.Client[1].wlan[0].mac.dcf,packetDrop:count,5720219
HTTP_Client_Increase_S04a-8-20200816-03:33:51-548,1000,8,FinalTask.Client[1].wlan[0].mac,packetDrop:count,5728287
HTTP_Client_Increase_S04a-8-20200816-03:33:51-548,1000,8,FinalTask.Client[2].wlan[0].mac.dcf,packetDrop:count,5710364
HTTP_Client_Increase_S04a-8-20200816-03:33:51-548,1000,8,FinalTask.Client[2].wlan[0].mac,packetDrop:count,5718159
HTTP_Client_Increase_S04a-8-20200816-03:33:51-548,1000,8,FinalTask.Client[3].wlan[0].mac.dcf,packetDrop:count,5711470
HTTP_Client_Increase_S04a-8-20200816-03:33:51-548,1000,8,FinalTask.Client[3].wlan[0].mac,packetDrop:count,5719459
HTTP_Client_Increase_S04a-8-20200816-03:33:51-548,1000,8,FinalTask.Client[4].wlan[0].mac.dcf,packetDrop:count,5723023
HTTP_Client_Increase_S04a-8-20200816-03:33:51-548,1000,8,FinalTask.Client[4].wlan[0].mac,packetDrop:count,5730817
HTTP_Client_Increase_S04a-8-20200816-03:33:51-548,1000,8,FinalTask.Client[5].wlan[0].mac.dcf,packetDrop:count,5708279
HTTP_Client_Increase_S04a-8-20200816-03:33:51-548,1000,8,FinalTask.Client[5].wlan[0].mac,packetDrop:count,5716330
HTTP_Client_Increase_S04a-8-20200816-03:33:51-548,1000,8,FinalTask.Client[6].wlan[0].mac.dcf,packetDrop:count,5707221
HTTP_Client_Increase_S04a-8-20200816-03:33:51-548,1000,8,FinalTask.Client[6].wlan[0].mac,packetDrop:count,5715023
HTTP_Client_Increase_S04a-8-20200816-03:33:51-548,1000,8,FinalTask.Client[7].wlan[0].mac.dcf,packetDrop:count,5713807
HTTP_Client_Increase_S04a-8-20200816-03:33:51-548,1000,8,FinalTask.Client[7].wlan[0].mac,packetDrop:count,5721629
HTTP_Client_Increase_S04a-8-20200816-03:33:51-548,1000,8,FinalTask.Client[8].wlan[0].mac.dcf,packetDrop:count,5704859
HTTP_Client_Increase_S04a-8-20200816-03:33:51-548,1000,8,FinalTask.Client[8].wlan[0].mac,packetDrop:count,5712699
HTTP_Client_Increase_S04a-8-20200816-03:33:51-548,1000,8,FinalTask.Client[9].wlan[0].mac.dcf,packetDrop:count,5723894
HTTP_Client_Increase_S04a-8-20200816-03:33:51-548,1000,8,FinalTask.Client[9].wlan[0].mac,packetDrop:count,5731759
HTTP_Client_Increase_S04a-8-20200816-03:33:51-548,1000,8,FinalTask.Client[10].wlan[0].mac.dcf,packetDrop:count,5715598
HTTP_Client_Increase_S04a-8-20200816-03:33:51-548,1000,8,FinalTask.Client[10].wlan[0].mac,packetDrop:count,5723666
HTTP_Client_Increase_S04a-8-20200816-03:33:51-548,1000,8,FinalTask.Client[11].wlan[0].mac.dcf,packetDrop:count,5724115
HTTP_Client_Increase_S04a-8-20200816-03:33:51-548,1000,8,FinalTask.Client[11].wlan[0].mac,packetDrop:count,5731556
HTTP_Client_Increase_S04a-9-20200816-00:20:19-549,1000,9,FinalTask.AP.wlan[0].mac.dcf,packetDrop:count,81159
HTTP_Client_Increase_S04a-9-20200816-00:20:19-549,1000,9,FinalTask.AP.wlan[0].mac,packetDrop:count,83706
HTTP_Client_Increase_S04a-9-20200816-00:20:19-549,1000,9,FinalTask.FTPUploadStudent.wlan[0].mac.dcf,packetDrop:count,2574604
HTTP_Client_Increase_S04a-9-20200816-00:20:19-549,1000,9,FinalTask.FTPUploadStudent.wlan[0].mac,packetDrop:count,2578158
HTTP_Client_Increase_S04a-9-20200816-00:20:19-549,1000,9,FinalTask.Student.wlan[0].mac.dcf,packetDrop:count,5811895
HTTP_Client_Increase_S04a-9-20200816-00:20:19-549,1000,9,FinalTask.Student.wlan[0].mac,packetDrop:count,5814779
HTTP_Client_Increase_S04a-9-20200816-00:20:19-549,1000,9,FinalTask.Client[0].wlan[0].mac.dcf,packetDrop:count,5685053
HTTP_Client_Increase_S04a-9-20200816-00:20:19-549,1000,9,FinalTask.Client[0].wlan[0].mac,packetDrop:count,5693105
HTTP_Client_Increase_S04a-9-20200816-00:20:19-549,1000,9,FinalTask.Client[1].wlan[0].mac.dcf,packetDrop:count,5702998
HTTP_Client_Increase_S04a-9-20200816-00:20:19-549,1000,9,FinalTask.Client[1].wlan[0].mac,packetDrop:count,5711094
HTTP_Client_Increase_S04a-9-20200816-00:20:19-549,1000,9,FinalTask.Client[2].wlan[0].mac.dcf,packetDrop:count,5689775
HTTP_Client_Increase_S04a-9-20200816-00:20:19-549,1000,9,FinalTask.Client[2].wlan[0].mac,packetDrop:count,5697846
HTTP_Client_Increase_S04a-9-20200816-00:20:19-549,1000,9,FinalTask.Client[3].wlan[0].mac.dcf,packetDrop:count,5688084
HTTP_Client_Increase_S04a-9-20200816-00:20:19-549,1000,9,FinalTask.Client[3].wlan[0].mac,packetDrop:count,5696124
HTTP_Client_Increase_S04a-9-20200816-00:20:19-549,1000,9,FinalTask.Client[4].wlan[0].mac.dcf,packetDrop:count,5707563
HTTP_Client_Increase_S04a-9-20200816-00:20:19-549,1000,9,FinalTask.Client[4].wlan[0].mac,packetDrop:count,5715691
HTTP_Client_Increase_S04a-9-20200816-00:20:19-549,1000,9,FinalTask.Client[5].wlan[0].mac.dcf,packetDrop:count,5702741
HTTP_Client_Increase_S04a-9-20200816-00:20:19-549,1000,9,FinalTask.Client[5].wlan[0].mac,packetDrop:count,5710836
HTTP_Client_Increase_S04a-9-20200816-00:20:19-549,1000,9,FinalTask.Client[6].wlan[0].mac.dcf,packetDrop:count,5701328
HTTP_Client_Increase_S04a-9-20200816-00:20:19-549,1000,9,FinalTask.Client[6].wlan[0].mac,packetDrop:count,5709389
HTTP_Client_Increase_S04a-9-20200816-00:20:19-549,1000,9,FinalTask.Client[7].wlan[0].mac.dcf,packetDrop:count,5702198
HTTP_Client_Increase_S04a-9-20200816-00:20:19-549,1000,9,FinalTask.Client[7].wlan[0].mac,packetDrop:count,5709903
HTTP_Client_Increase_S04a-9-20200816-00:20:19-549,1000,9,FinalTask.Client[8].wlan[0].mac.dcf,packetDrop:count,5706474
HTTP_Client_Increase_S04a-9-20200816-00:20:19-549,1000,9,FinalTask.Client[8].wlan[0].mac,packetDrop:count,5714201
HTTP_Client_Increase_S04a-9-20200816-00:20:19-549,1000,9,FinalTask.Client[9].wlan[0].mac.dcf,packetDrop:count,5696025
HTTP_Client_Increase_S04a-9-20200816-00:20:19-549,1000,9,FinalTask.Client[9].wlan[0].mac,packetDrop:count,5703737
HTTP_Client_Increase_S04a-9-20200816-00:20:19-549,1000,9,FinalTask.Client[10].wlan[0].mac.dcf,packetDrop:count,5699177
HTTP_Client_Increase_S04a-9-20200816-00:20:19-549,1000,9,FinalTask.Client[10].wlan[0].mac,packetDrop:count,5707251
HTTP_Client_Increase_S04a-9-20200816-00:20:19-549,1000,9,FinalTask.Client[11].wlan[0].mac.dcf,packetDrop:count,5714210
HTTP_Client_Increase_S04a-9-20200816-00:20:19-549,1000,9,FinalTask.Client[11].wlan[0].mac,packetDrop:count,5722312
